<?xml version="1.0" encoding="UTF-8"?>
<rizpa-stock-exchange-descriptor xmlns:xsi="http://www.w3.org/2001/XMLSchema-instance" xsi:noNamespaceSchemaLocation="RSE-V1.xsd">
	<rse-stocks>
		<rse-stock>
			<rse-symbol>GOOGL</rse-symbol>
			<rse-company-name>Google</rse-company-name>
			<rse-price>100</rse-price>
		</rse-stock>
		<rse-stock>
			<rse-symbol>AAPL</rse-symbol>
			<rse-company-name>Apple</rse-company-name>
			<rse-price>75</rse-price>
		</rse-stock>				
		<rse-stock>
			<rse-symbol>AAPL</rse-symbol>
			<rse-company-name>Microsoft</rse-company-name>
			<rse-price>175</rse-price>
		</rse-stock>				
		<rse-stock>
			<rse-symbol>AMZN</rse-symbol>
			<rse-company-name>AMAZON</rse-company-name>
			<rse-price>275</rse-price>
		</rse-stock>	
		<rse-stock>
			<rse-symbol>ZM</rse-symbol>
			<rse-company-name>Zoom</rse-company-name>
			<rse-price>25</rse-price>
		</rse-stock>				
	</rse-stocks>
</rizpa-stock-exchange-descriptor>
