<?xml version="1.0" encoding="UTF-8"?>
<rizpa-stock-exchange-descriptor xmlns:xsi="http://www.w3.org/2001/XMLSchema-instance" xsi:noNamespaceSchemaLocation="RSE-V2.xsd">
	<rse-stocks>
		<rse-stock>
			<rse-symbol>GOOGL</rse-symbol>
			<rse-company-name>Google</rse-company-name>
			<rse-price>100</rse-price>
		</rse-stock>
		<rse-stock>
			<rse-symbol>AAPL</rse-symbol>
			<rse-company-name>Apple</rse-company-name>
			<rse-price>75</rse-price>
		</rse-stock>				
		<rse-stock>
			<rse-symbol>MSFT</rse-symbol>
			<rse-company-name>Microsoft</rse-company-name>
			<rse-price>175</rse-price>
		</rse-stock>				
		<rse-stock>
			<rse-symbol>AMZN</rse-symbol>
			<rse-company-name>AMAZON</rse-company-name>
			<rse-price>275</rse-price>
		</rse-stock>	
		<rse-stock>
			<rse-symbol>ZM</rse-symbol>
			<rse-company-name>Zoom</rse-company-name>
			<rse-price>25</rse-price>
		</rse-stock>				
	</rse-stocks>
	<rse-users>
		<rse-user name="avrum">			
			<rse-holdings>
				<rse-item symbol="MSFT" quantity="50"/>
				<rse-item symbol="AMZN" quantity="150"/>
				<rse-item symbol="ZM" quantity="550"/>
			</rse-holdings>						
		</rse-user>
		<rse-user name="tikva">			
			<rse-holdings>
				<rse-item symbol="GOOGL" quantity="250"/>
			</rse-holdings>
		</rse-user>
		<rse-user name="avrum">
			<rse-holdings>
				<rse-item symbol="AAPL" quantity="100"/>
				<rse-item symbol="MSFT" quantity="200"/>
				<rse-item symbol="GOOGL" quantity="300"/>
			</rse-holdings>
		</rse-user>
	</rse-users>
</rizpa-stock-exchange-descriptor>
